Symptoms,0
Fever/Cough/Breathing Difficulty,3672
Asymptomatic,3627
Type 2 Diabetes Mellitus,1563
Fever/Cough,1499
Fever/Cough/Breathing Difficulty ,1221
Fever/Breathing Difficulty,1001
Type 2 Diabetes Mellitus/Systemic Hypertension,991
Fever,912
Cough/Breathing Difficulty,722
Breathing Difficulty,706
Systemic Hypertension,635
Diabetes Mellitus,398
Cough,304
Diabetes Mellitus/Systemic Hypertension,202
Fever/Cough/breathlessness,160
Systemic Hypertension/Type 2 Diabetes Mellitus,155
Type 2 Diabetes Mellitus/Systemic Hypertension/Coronary Artery Disease,148
Coronary Artery Disease,119
Breathing Difficulty ,112
Diabetes Mellitus/Hypertension,91
Hypertension,76
Fever/Cough/Breathlessness,74
Type 2 Diabetes Mellitus/Coronary Artery Disease,71
Fever/Cough ,70
Type 2 Diabetes Mellitus/Systemic Hypertension/Chronic Kidney Disease,67
Fever ,66
Cough/Breathing Difficulty ,66
Systemic Hypertension/Diabetes Mellitus,62
Chronic Kidney Disease,60
Type 2 Diabetes Mellitus/Chronic Kidney Disease,53
Systemic Hypertension/Coronary Artery Disease,52
Fever/Breathing Difficulty/Cough,49
Hypothyroidism,48
Bronchial Asthma,39
Fever/Cough/Myalgia,38
Systemic Hypertension/Chronic Kidney Disease,35
Type 2 Diabetes Mellitus/Hypertension,29
Type 2 Diabetes Mellitus/Systemic Hypertension/Hypothyroidism,28
Cough/breathlessness,28
Diabetes Mellitus/Systemic Hypertension/Coronary Artery Disease,27
Fever/breathlessness,27
Fever/Cough/Breathing Difficulty/Myalgia,25
Diabetes mellitus,24
Fever/Myalgia,24
Cough/Breathlessness,22
Systemic Hypertension/Hypothyroidism,21
Breathlessness,20
Fever/Cough/breathlessness ,20
Type 2 Diabetes Mellitus/Hypothyroidism,20
Coronary Artery Disease/Systemic Hypertension,19
seizure,18
Coronary Artery Disease/Type 2 Diabetes Mellitus,18
Chronic Kidney Disease/Systemic Hypertension,18
Fever/Cough/Breathlessness ,18
Cough ,17
Systemic Hypertension/Type 2 Diabetes Mellitus/Coronary Artery Disease,16
Cough/Fever,16
Fever/Breathlessness,16
Myalgia,16
Cough/Myalgia,15
Diabetes Mellitus/Coronary Artery Disease,15
Breathing Difficulty/Cough,15
Chronic Obstructive Pulmonary Disease,14
Psychiatric Illness,13
Fever/Cough/Loose stools,13
Fever/Breathing Difficulty/Myalgia,13
Fever/breathlessness ,12
Tiredness,12
Type 2 Diabetes Mellitus/Bronchial Asthma,12
Fever/Cough/Cold/Breathing Difficulty,12
Fever/Cough/Breathing Difficulty/Loose stools,12
Type 2 Diabetes Mellitus/Systemic Hypertension/Coronary Artery Disease/Chronic Kidney Disease,11
Obesity,11
Loose stools,11
Fever/Cough/Cold,11
Morbid Obesity,11
Diabetes Mellitus/Hypertension/Coronary Artery Disease,10
Fever/Cough/breathing difficulty,10
Diabetes Mellitus/Systemic Hypertension/Chronic Kidney Disease,10
HIV/AIDS,10
Fever/myalgia,10
Systemic Hypertension/Old Cerebrovascular Accident,10
Fever/Cough/Body Pain,10
Parkinsonism,10
Type 2 Diabetes Mellitus/Chronic Kidney Disease/Systemic Hypertension,9
Fever/Breathlessness/Cough,9
Fever/Cough/Breathing difficulty,9
Hypertension/Diabetes Mellitus,9
Type 2 Diabetes Mellitus/Coronary Artery Disease/Systemic Hypertension,9
Breathing Difficulty/Myalgia,9
Old age,9
Type 2 Diabetes Mellitus/Systemic Hypertension/Cerebrovascular Accident,9
Type 2 Diabetes Mellitus/Systemic Hypertension/Bronchial Asthma,8
Anemia,8
breathlessness,8
Fever/Cough/Shortness of breath,8
Type 2 Diabetes Mellitus/Cerebrovascular Accident,8
Diabetes Mellitus/Systemic Hypertension/Hypothyroidism,8
Type 2 Diabetes mellitus,8
Fever/Cough/myalgia,8
Type 2 Diabetes Mellitus/Systemic Hypertension/Old Cerebrovascular Accident,8
Diabetes Mellitus/Chronic Kidney Disease,8
Type 2 Diabetes Mellitus/Morbid Obesity,7
Cough/Fever/Breathing Difficulty,7
Diabetes Mellitus/Hypothyroidism,7
Type 2 Diabetes Mellitus/Old Cerebrovascular Accident,7
Systemic Hypertension/Type 2 Diabetes Mellitus/Chronic Kidney Disease,7
Type 2 Diabetes Mellitus/Chronic obstructive Pulmonary Disease,7
Coronary Artery Disease/Diabetes Mellitus/Systemic Hypertension,7
Coronary Artery Disease/Type 2 Diabetes Mellitus/Systemic Hypertension,7
Type 2 Diabetes Mellitus/Systemic Hypertension/Chronic obstructive Pulmonary Disease,7
Old Cerebrovascular Accident,7
Fever/Loose stools,7
Chronic Kidney Disease/Diabetes Mellitus,7
Coronary Artery Disease/Diabetes Mellitus,7
Fever/Vomiting,6
Cough/Cold/Breathing Difficulty,6
Fever/Myalgia/Breathing Difficulty,6
Diabetes mellitus/Systemic Hypertension,6
Diabetes/Hypertension,6
Fever/Cough/loose stools,6
Fever/Breathing Difficulty ,6
Fever/Cough/Tiredness,6
Fever/Breathlessness ,6
Fever/Myalgia/Cough/Breathing Difficulty,6
Diabetes,6
Systemic Hypertension/Diabetes Mellitus/Chronic Kidney Disease,6
Systemic Hypertension/Chronic Obstructive Pulmonary Disease,6
Type 2 Diabetes Mellitus/Systemic Hypertension/Chronic Kidney disease,6
Fever/Cough/Dysponea,5
Breathing Difficulty/Fever,5
Systemic Hypertension/Diabetes Mellitus/Coronary Artery Disease,5
Fever/Cough/Shortness of Breath,5
Type 2 Diabetes Mellitus/Systemic Hypertension/Coronary Artery disease,5
Fever/Body Pain,5
Fever/Cough/Sore Throat,5
Loss of Appetite,5
Fever/Altered Sensorium,5
Cough/Breathlessness ,5
Cough/Breathing Difficulty/Myalgia,5
Systemic Hypertension/Chronic Kidney disease,5
Diabetes mellitus/Hypertension,5
Systemic Hypertension/seizure,5
Cerebrovascular Accident,5
Type 2 Diabetes Mellitus/Hypertension/Coronary Artery Disease,5
Type 2 Diabetes mellitus/Systemic Hypertension,5
Systemic Hypertension/Cerebrovascular Accident,5
Systemic Hypertension/Bronchial Asthma,5
Acute Cerebrovascular Accident,5
Systemic Hypertension/Type 2 Diabetes Mellitus/Hypothyroidism,5
Diabetes Mellitus/Hypertension/Chronic Kidney Disease,5
Abdominal Pain,5
Giddiness,5
Cerebrovascular Accident/Systemic Hypertension,5
Type 2 Diabetes Mellitus/Diabetic Keto Acidosis,4
Rheumatoid Arthritis,4
Rheumatic Heart Disease,4
Type 2 Diabetes Mellitus/Chronic Kidney disease,4
Type 2 Diabetes Mellitus/Obesity,4
Breathlessness/Cough,4
Fever/Fatigue,4
Bronchial Asthma/Systemic Hypertension,4
Breathlessness ,4
Fever/Breathing Difficulty/loose stools,4
Fever/Cough/Diarrhoea,4
Type 2 Diabetes Mellitus/Psychiatric Illness,4
Type 2 Diabetes Mellitus/Systemic Hypertension/Chronic Kidney Disease/Coronary Artery Disease,4
Type 2 Diabetes Mellitus/Systemic Hypertension/Coronary Artery Disease/Cerebrovascular Accident,4
Fever/Tiredness,4
Cough/Loose stools,4
Type 2 Diabetes Mellitus/Systemic Hypertension/Morbid Obesity,4
Altered Sensorium,4
Fatigue,4
Diabetes Mellitus/seizure,4
Acute Kidney Injury,4
Cough/breathlessness ,4
Cough/myalgia,4
Fever/Myalgia/Cough,4
Fever/Cough/Myalgia/Breathing Difficulty,4
Loss of appetite,4
Chronic Kidney Disease/Type 2 Diabetes Mellitus,4
Chronic Kidney Disease/Coronary Artery Disease/Systemic Hypertension,4
Chronic Kidney Disease/Type 2 Diabetes Mellitus/Systemic Hypertension,4
Pulmonary Tuberculosis,4
Fever/loose stools,4
Coronary Artery Disease/Systemic Hypertension/Diabetes Mellitus,3
Type 2 Diabetes mellitus/Coronary Artery Disease,3
Chronic Myeloid Leukemia,3
Type 2 Diabetes Mellitus/Chronic Obstructive Pulmonary Disease,3
Cough/Sore throat,3
Bronchial Asthma/Type 2 Diabetes Mellitus,3
Type 2 Diabetes Mellitus/Systemic Hypertension/seizure,3
Hypertension/Type 2 Diabetes Mellitus,3
Fever/Cough/Breathing Difficulty/Diarrhoea,3
Chronic Kidney Disease/Coronary Artery Disease,3
Systemic Hypertension/Obesity,3
Systemic Hypertension/Coronary Artery Disease/Type 2 Diabetes Mellitus,3
Acute Respiratory distress Syndrome/COVID Pneumonia/Respiratory Failure,3
Chronic Kidney disease,3
Diarrhoea,3
Systemic Hypertension/Diabetes Mellitus/Bronchial Asthma,3
Fever/Cough/General Tiredness,3
Epilepsy,3
Cough/Breathing Difficulty/Fever,3
Breathing Difficulty/Fever/Cough,3
Type 2 Diabetes Mellitus/Pulmonary Tuberculosis,3
Diabetes Mellitus/Systemic Hypertension/Cerebrovascular Accident,3
Hypertension/Diabetes mellitus,3
Fever/Cough/body Pain,3
Type 2 Diabetes Mellitus/Systemic Hypertension/Chronic Kidney Disease/Hypothyroidism,3
Fever/Sore Throat,3
Fever/body Pain,3
Fever/Breathing Difficulty/Tiredness,3
Renal Failure,3
Diabetes Mellitus/Cerebrovascular Accident,3
Fever/Loss of Appetite,3
Systemic Hypertension/Psychiatric Illness,3
Fever/Diarrhoea,3
Diabetes Mellitus/Coronary Artery Disease/Systemic Hypertension,3
Coronary Artery Disease/Chronic Obstructive Pulmonary Disease,3
Chest Pain,3
Coronary Artery Disease/Hypertension,3
Type 2 Diabetes Mellitus/Chronic Kidney Disease/Coronary Artery Disease,3
Old Pulmonary Tuberculosis,3
Type 2 Diabetes Mellitus/Acute Kidney Injury,3
Type 2 Diabetes Mellitus/Chronic Kidney Disease/Coronary Artery Disease/Systemic Hypertension,3
Vomiting,3
Type 2 Diabetes Mellitus/Systemic Hypertension/Coronary Artery Disease/Old Cerebrovascular Accident,2
Type 2 Diabetes Mellitus/Systemic Hypertension/Coronary Artery Disease/Hypothyroidism,2
Fever/Breathing Difficulty/Loss of Appetite,2
Type 2 Diabetes Mellitus/Systemic Hypertension/Ischemic Heart Disease,2
Fever/Breathing Difficulty/Body Pain,2
Fever/Breathing Difficulty/Loose stools,2
Type 2 Diabetes Mellitus/Systemic Hypertension/Coronary Artery Disease/Chronic Kidney Disease/Chronic Obstructive Pulmonary Disease,2
Loose stools/Vomiting,2
Intellectual Disability,2
Fever/Breathing Difficulty/General Tiredness,2
Type 2 Diabetes Mellitus/Systemic Hypertension/Hypertension,2
Systemic Hypertension/Chronic Kidney Disease/Coronary Artery Disease,2
Systemic Hypertension/Coronary Artery Disease/Diabetes Mellitus,2
Type 2 Diabetes Mellitus/Systemic Hypertension/Parkinsonism,2
unconsciousness,2
Diabetes Mellitus/Acute Kidney Injury,2
Diabetes Mellitus/Chronic Kidney Disease/Coronary Artery Disease,2
newly detected diabetes,2
expectoration/Breathing Difficulty,2
Severe Anemia,2
Diabetes Mellitus/Hypertension/Coronary Artery Disease/Chronic Kidney Disease,2
Parkinsonism/Type 2 Diabetes Mellitus,2
Diabetes Mellitus/Myocardial infarction,2
Old Cerebrovascular Accident/Type 2 Diabetes Mellitus/Systemic Hypertension,2
Type 2 Diabetes Mellitus/old Cerebrovascular Accident,2
Diabetes Mellitus/Systemic Hypertension/Coronary Artery Disease/Chronic Kidney Disease,2
Diabetes Mellitus/systemic Hypertension,2
Type 2 Diabetes Mellitus/Systemic Hypertension/psychiatric illness,2
Type 2 Diabetes Mellitus/Systemic Hypertension/parkinsonism,2
Drowsiness,2
Drowsiness ,2
Hypothyroidism/Type 2 Diabetes Mellitus/Systemic Hypertension,2
Fever/Tiredness/Breathing Difficulty,2
Type 2 Diabetes Mellitus/Systemic Hypertension/Coronary Artery Disease/Acute Kidney Injury,2
Type 2 Diabetes Mellitus/Coronary Artery Disease/Systemic Hypertension/Hypothyroidism,2
Fever/Cough/Nausea/Breathing Difficulty,2
Type 2 Diabetes Mellitus/Coronary Artery Disease/Chronic Kidney Disease,2
Fever/Cough/Shortness of breath ,2
Fever/headache/myalgia,2
Fever/Cough/Sore throat,2
Systemic Hypertension/Old Pulmonary Tuberculosis,2
Fever/fatigue,2
Type 2 Diabetes Mellitus/Cancer Breast,2
Fever/Cough/breathlessness/loose stools,2
Fever/Cough/diarrhoea,2
Fever/Cough/fatigue,2
Fever/Cough/headache,2
Type 2 Diabetes Mellitus/Bronchial Asthma/Seizure,2
Fever/Cough/loss of appetite,2
Throat Pain,2
Fever/breathlessness/Cough,2
Fever/Diarrhoea/Myalgia,2
Fever/Dry Cough/Breathing Difficulty,2
Systemic Hypertension/Type 2 Diabetes Mellitus/Old Cerebrovascular Accident,2
Systemic Hypertension/Rheumatoid Arthritis,2
Fever/Myalgia ,2
Fever/body Pain/Breathing Difficulty,2
Systemic Hypertension/Type 2 Diabetes Mellitus/Coronary Artery Disease/Chronic Kidney Disease,2
Fever/loss of appetite,2
Type 2 Diabetes Mellitus/Coronary Artery disease,2
Type 2 Diabetes Mellitus/Systemic Hypertension/Chronic Obstructive Pulmonary Disease,2
Fever/Cough/Loss of Appetite,2
Fever/Breathlessness/Myalgia,2
Fever/Cold/Cough,2
Type 2 Diabetes Mellitus/Systemic Hypertension/Chronic Liver Disease/Bullous Disorder,2
Fever/Cough/Abdominal Pain,2
Decompensated Chronic Liver Disease,2
Type 2 Diabetes Mellitus/Systemic Hypertension/Chronic Kidney Disease/Anemia,2
Systemic Hypertension/Diabetes Mellitus/Coronary Artery Disease/Hypothyroidism,2
Type 2 Diabetes Mellitus/Systemic Hypertension/Cerebrovascular Accident/Chronic Kidney Disease,2
Fever/Cough/Breathing Difficulty/Cold,2
Type 2 Diabetes Mellitus/Respiratory Failure,2
Fever/Cough/Breathing Difficulty/Loose stools ,2
Systemic Hypertension/Diabetes mellitus/Chronic Kidney Disease,2
Fever/Cough/Breathing Difficulty/body Pain,2
Fever/Cough/Breathing Difficulty/loose stools,2
Type 2 Diabetes Mellitus/Renal Failure,2
Heart disease,2
Type 2 Diabetes Mellitus/Parkinsonism,2
Headache,2
Systemic Hypertension/Morbid Obesity,2
Fever/Cough/Giddiness,2
Fever/Cough/Headache,2
Type 2 Diabetes Mellitus/Hyperthyroidism,2
Fever/myalgia/Cough,2
Type 2 Diabetes Mellitus/Systemic Hypertension/Acute Kidney Injury,2
 Fever/Cough,2
Cough/Headache,2
Asthma,2
Chronic Obstructive Pulmonary Disease/Type 2 Diabetes Mellitus,2
Cancer Oropharynx,2
Breathing Difficulty/Chest Pain,2
Chronic Kidney disease/Type 2 Diabetes Mellitus,2
Coronary Artery Disease/Hypothyroidism,2
Cough/Dysponea,2
Cough/Breathing Difficulty/Giddiness,2
Cough/Breathing Difficulty/Headache,2
Coronary Artery Disease/Diabetes Mellitus/Hypothyroidism,2
Coronary Artery Disease/Diabetes Mellitus/Hypertension,2
Cough/body Pain,2
Chronic Kidney Disease/Systemic Hypertension/Type 2 Diabetes Mellitus,2
Cough/Breathing Difficulty/Loose stools,2
Breathing Difficulty/Tiredness,2
Coronary Artery Disease/Chronic Kidney Disease/Type 2 Diabetes Mellitus/Systemic Hypertension,2
Altered Sensorium/Breathing Difficulty,2
Cough/Tiredness,2
Cough/Breathing Difficulty/Vomiting,2
Bronchial asthma,2
Breathing Difficulty/Giddiness,2
Cough/Cold,2
Breathing Difficulty/Loose stools,2
Breathing Difficulty/Loss of Appetite,2
Cerebrovascular Accident/Chronic Kidney Disease,2
Cough/breathing difficulty,2
Breathing Difficulty/Body Pain,2
Cough/Body Pain,2
Cough/Loss of Appetite,2
Breathing Difficulty/Altered Sensorium,2
Cough/Breathing Difficulty/Body Pain,2
Cough/loose stools,2
Chronic Kidney Disease/Diabetes Mellitus/Systemic Hypertension,2
Chronic Kidney Disease/Diabetes mellitus,2
ANC/Antepartum Eclampsia,2
Cough/Fever/Breathing Difficulty ,2
Chronic Kidney Disease/Hypertension,2
Cough/Loss of appetite,2
Chronic Kidney Disease/Hypertension/Diabetes Mellitus,2
Cough/Fever/breathlessness,2
COVID Pneumonia/Acute Respiratory distress Syndrome,1
Systemic Hypertension/Old Cerebrovascular Accident/Chronic Obstructive Pulmonary Disease,1
Bronchopneumonia/AIK Leak,1
Systemic Hypertension/Paraxysmal Supraventricular Tachycardia,1
Bronchogenic Carcinoma,1
Cancer Bladder,1
Systemic Hypertension/Diabetes Mellitus/Coronary Artery Disease (Post coronary artery bypass grafting)/Acute Kidney Injury,1
Systemic Hypertension/Coronary Artery Disease/Old Pulmonary Tuberculosis,1
Systemic Hypertension/Rheumatoid Pnemothorax,1
Systemic Hypertension/Severe Anemia,1
Systemic Hypertension/Myasthenia Gravis,1
Systemic Hypertension/Surgery for GI Malignency,1
Systemic Hypertension/Coronary Artery Disease/Hypothyroidism,1
Systemic Hypertension/Coronary Artery Disease/Diabetes Mellitus/PLHA,1
Bronchial Asthma/parkinsonism,1
Systemic Hypertension/Type 2 Diabetes Mellitus/Bronchial Asthma,1
Systemic Hypertension/Type 2 Diabetes Mellitus/Bronchial Asthma/Hypothyroidism,1
Carcinoma Maxilla,1
Systemic Hypertension/Hypothyroidism/Type 2 Diabetes Mellitus,1
Systemic Hypertension/Coronary Artery Disease/newly detected diabetes,1
Cancer Cervix ( Sqnamom Cell Carcinoma ),1
Systemic Hypertension/Diabetes Mellitus/Coronary Artery Disease/Acute Kidney Injury,1
Carcinoma Anal Canal/Systemic Hypertension,1
Systemic Hypertension/Diabetes Mellitus/Hypothyroidism,1
Systemic Hypertension/Diabetes Mellitus/Hypothyroidism/Dyslipidemia,1
Systemic Hypertension/Diabetes Mellitus/Nasal Bone Fracture/Maxilary Sinu Fracture,1
Systemic Hypertension/Diabetes Mellitus/Old Cerebrovascular Accident,1
Systemic Hypertension/Type 2 Diabetes Mellitus/Chronic Kidney Disease/Coronary Artery Disease,1
Carcinoma Breast/Hypertension,1
Systemic Hypertension/Hyperlipidemia,1
Cancer Breast,1
Systemic Hypertension/Diabetes Mellitus/Acute Kidney Injury,1
Cancer Breast on Chemotherapy,1
Systemic Hypertension/Hypothyroidism/Chronic Kidney Disease,1
Carcinoma Cervix,1
Systemic Hypertension/Hypothyroidism/Coronary Artery Disease,1
Cancer Rectum/Type 2 Diabetes Mellitus,1
Systemic Hypertension/Left carcinoma Breast/Post Masectomy Status,1
Systemic Hypertension/Metabolic Encephalopathy/Acute Kidney Injury/Hypernatremia,1
Bronchial Asthma/Type 2 Diabetes Mellitus/seizure,1
Cough/tiredness/Breathing Difficulty/loose stools,1
Bronchial Asthma/Type 2 Diabetes Mellitus/Hypothyroidism,1
Bronchial Asthma/Systemic Hypertension/Hypothyroidism/Oral Cancer,1
Tiredness/Nausea,1
Tiredness/Sore Throat,1
Tiredness/sleeping difficulty,1
Tiredness/vomiting,1
Tuberculosis,1
Bronchial Asthma/Chronic obstructive Pulmonary Disease,1
Type 2 Diabetes Mellitus/Active Pulmonary Tuberculosis,1
Type 2 Diabetes Mellitus/Acute Cerebrovascular Accident/Left Fungal Sinusitis,1
Type 2 Diabetes Mellitus/Acute Coronary Syndrome,1
Bronchial Asthma/Acute Kidney Injury,1
Type 2 Diabetes Mellitus/Antivirals/Steroids/Heparin,1
Type 2 Diabetes Mellitus/Asthma,1
Type 2 Diabetes Mellitus/Bipolar Disorder/Hypothyroidism,1
Type 2 Diabetes Mellitus/Breast Cancer,1
Bronchial Asthma/ANC,1
Breathlessness/tiredness/fatigue ,1
Type 2 Diabetes Mellitus/Bronchial Asthma/Systemic Hypertension/Coronary Artery Disease/Chronic Kidney Disease,1
Type 2 Diabetes Mellitus/Bronchiectasis/Chronic obstructive Pulmonary Disease,1
Breathlessness/Headache/Myalgia/Fatigue,1
Type 2 Diabetes Mellitus/Cancer Ovary,1
Type 2 Diabetes Mellitus/Carcinoma Breast,1
Type 2 Diabetes Mellitus/Carcinoma Left breast,1
Type 2 Diabetes Mellitus/Carcinoma Oral Cavity,1
Type 2 Diabetes Mellitus/Carcinoma Pancreas,1
Type 2 Diabetes Mellitus/Carcinoma Right Breast,1
Type 2 Diabetes Mellitus/Carcinoma Stomach,1
Type 2 Diabetes Mellitus/Carinomia Lip Of Verrucous Type,1
Tiredness/Diarrhoea,1
Tiredness/Cough/Breathing Difficulty,1
Tiredness/Cough,1
Systemic Hypertension/atrial Fibrillation,1
Systemic Hypertension/Type 2 Diabetes Mellitus/Coronary Artery Disease/Diabetic Foot,1
Systemic Hypertension/Type 2 Diabetes Mellitus/Coronary Artery Disease/Hyperthyroidism,1
Systemic Hypertension/Type 2 Diabetes Mellitus/Coronary Artery Disease/depression,1
Bronchial Asthma/Old Tuberculosis/Coronary Artery Disease,1
Systemic Hypertension/Type 2 Diabetes Mellitus/Interstitial Lung Disease,1
Systemic Hypertension/Type 2 Diabetes Mellitus/Obesity,1
Bronchial Asthma/Morbid Obesity/Hypothyroidism,1
Systemic Hypertension/Type 2 Diabetes Mellitus/Old pulmonary Tuberculosis,1
Carcinoma Pharynx,1
Systemic Hypertension/Type 2 Diabetes Mellitus/Pulmonary Tuberculosis,1
Systemic Hypertension/Type 2 Diabetes Mellitus/Renal Failure,1
Systemic Hypertension/Type 2 Diabetes Mellitus/Severe Depression,1
Systemic Hypertension/newly detected diabetes,1
Bronchial Asthma/Coronary Artery Disease,1
Bronchial Asthma/Hypertension,1
Systemic Hypertension/seizure/Old Cerebrovascular Accident,1
Systemic Lupus Erythematosus/Chronic Kidney Disease,1
Systemic hypertension/Type 2 Diabetes Mellitus,1
Systemic lupus erythematosus,1
Systemic lupus erythematosus/Lupus Nephritis,1
Takayasu'arthritis,1
Bronchial Asthma/Depression,1
Thyroid Carcinoma,1
Thyroid Disorder,1
Thyroid disorder,1
Thyroidectomy,1
Systemic Hypertension/Type 2 Diabetes Mellitus/Post Renal Transplant,1
Systemic Hypertension/Chronic Renal Disease,1
Systemic Hypertension/Coronary Artery Disease/Complete Heart Block Pacemaker,1
Chest Pain/Loose stools ,1
Old Cerebrovascular Accident/Systemic Hypertension,1
Old Cerebrovascular Accident/Type 2 Diabetes Mellitus/Hypertension,1
Chronic Hypertension,1
Old Cerebrovascular Accident/Type 2 Diabetes Mellitus/Systemic Hypertension/Chronic Obstructive Pulmonary Disease,1
Old Cerebrovascular accident/Type 2 Diabetes Mellitus,1
Chronic Depression,1
Old Pulmonary Tuberculosis/Chronic Kidney Disease,1
Old Pulmonary Tuberculosis/Systemic Hypertension/Type 2 Diabetes Mellitus,1
Chronic Anemia,1
One Episode of Seizures,1
Osteosarcoma,1
Papillary CA Thyroid/Type 2 Diabetes Mellitus,1
Chest Pain/Palpitations ,1
Peripheral Vascular Disease,1
Pulmonary metastasis,1
Pneumonia,1
Portal Hypertension/Hepatic Encephalopathy/Renal Failure/Chronic Portal Vein Thrombosis Decompensated,1
Post LSCS POD:2,1
Post Natal Mother,1
Post Spinal Cord Injury,1
Post Valve Replacement,1
Post coronary artery bypass grafting,1
Previous Hepatitis B Infection/Diabetes Mellitus,1
Psoriasis,1
Cerebrovascular Accident/Type 2 Diabetes Mellitus/Systemic Hypertension,1
Psychosis/Old Pulmonary Tuberculosis,1
Cerebrovascular Accident/Systemic Hypertension/Type 2 Diabetes Mellitus,1
Pulmonary Tuberculosis/Immunodeficiency,1
Old Cerebrovascular Accident/Hypertension/Type 2 Diabetes Mellitus,1
Old Cerebrovascular Accident/Hypertension,1
Old Cerebrovascular Accident/Diabetes Mellitus/Systemic Hypertension,1
Old Cerebrovascular Accident/Chronic Kidney Disease,1
Morbid Obesity/Obstructive Sleep Apnea,1
Morbid Obesity/Systemic Hypertension,1
Morbid obesity,1
Multiple Myeloma/Acute on Chronic Kidney Disease/Systemic Hypertension/Coronary Artery Disease/Type 2 Diabetes Mellitus,1
Multiple Organ Dysfunction Syndrome,1
Multiple Sclerosis,1
Muscular Dystrophy,1
Chronic Kidney Disease/Coronary Artery Disease/Type 2 Diabetes Mellitus/Systemic Hypertension,1
Myalgia/Body Pain ,1
Myalgia/Breathlessness,1
Myalgia/Decreased Appetite/Giddiness,1
Myalgia/Diarrhoea,1
Myalgia/Fever/Cough,1
Myalgia/Fever/Cough/Loss of Appetite,1
Myalgia/dry Cough/breathlessness,1
Nausea/loss of appetite,1
Neurogenic Bladder,1
New onset seizure,1
Newly Detected Diabetes,1
Non Hodgkins Lymphoma,1
Non Hodgkins lymphoma,1
Chronic Kidney Disease/Coronary Artery Disease/Systemic Hypertension/Type 2 Diabetes Mellitus,1
Obesity/Diabetes Mellitus,1
Obesity/Hypothyroidism,1
Obesity/Systemic Hypertension,1
Old Age,1
Chronic Kidney Disease/Cerebrovascular Accident/Hemiplegia,1
Pulmonary Tuberculosis/Morbid Obesity,1
Rapid Ventricular Rate.,1
Systemic Hypertension/Coronary Artery Disease/Chronic Obstructive Pulmonary Disease,1
Systemic Hypertension/Cancer Lung,1
Sudden Collapse at Home,1
Supraglottic Squamous Cell Carcinoma,1
Suspected Recurrent Cerebrovascular Accident/Renal failure,1
Cerebrovascular Accident/Diabetes Mellitus/Systemic Hypertension,1
Systemic Hypertension/Acute Cerebrovascular Accident,1
Systemic Hypertension/Acute Kidney Injury,1
Systemic Hypertension/Anemia,1
Systemic Hypertension/Atrial Fibrillation,1
Systemic Hypertension/BPH,1
Cerebrovascular Accident/Coronary Artery Disease/Valvular Heart Disease,1
Systemic Hypertension/Bronchial Asthma/OSAS,1
Systemic Hypertension/Bronchial Asthma/Type 2 Diabetes Mellitus,1
Systemic Hypertension/CRD/Type 2 Diabetes Mellitus,1
Cerebellar Astrocytoma/Right Pneumothorax,1
Cerebrovascular Accident/Systemic Hypertension/Left Middle Cerebral Artery infarction,1
Cardiovascular Disease,1
Systemic Hypertension/Chronic Kidney Disease/Hypothyroidism,1
Systemic Hypertension/Chronic Kidney Disease/IHD,1
Systemic Hypertension/Chronic Kidney Disease/Old Cerebrovascular Accident,1
Systemic Hypertension/Chronic Kidney Disease/seizure,1
Cardiogenic shock/Atrial Fibrillation,1
Cardio Respiratory Arrest/Type 2 Diabetes Mellitus,1
Type 2 Diabetes Mellitus/Cerebrovascular Accident/Coronary Artery Disease/Chronic Kidney Disease/Systemic Hypertension,1
Systemic Hypertension/Chronic Subdural Hematoma/Chronic Kidney Disease,1
Carcinoma Tongue/Type 2 Diabetes Mellitus/Systemic Hypertension,1
Systemic Hypertension/Coronary Artery Disease/Cancer Cervix,1
Systemic Hypertension/Coronary Artery Disease/Cerebrovascular Accident,1
Systemic Hypertension/Coronary Artery Disease/Chronic Kidney Disease/seizure,1
Sub Mandular Node Metastasis,1
Stroke,1
Stomach ache/loss of appetite,1
Steven Johnson Syndrome,1
Renal Failure/Bronchial Asthma/Parkinsonism,1
Residual Polio,1
Retrovirus positive,1
Cerebrovascular Accident/Left hemiplegia/RIght Myocardinal infarction,1
Rheumatic Heart Disease/Diabetes Mellitus,1
Rheumatic Heart Disease/Mitral Valve Prolapse,1
Cerebrovascular Accident/Left Hemiparesis/Systemic Hypertension,1
Rheumatoid Arthritis on Methotrexate,1
Rheumatoid Arthritis/seizure,1
Right Hemiplegia,1
Schizophrenia,1
Schizophrenia/Chronic Kidney Disease,1
Seasonal Asthma,1
Secondary Bronchial Asthmacterial Infection/Acute Respiratory distress Syndrome/Respiratory Failure/Septic Shock.,1
Cerebrovascular Accident/Ischemic Stroke,1
Severe Nausea/Vomiting,1
Shortness of Breath,1
Shortness of Breath/Giddiness,1
Shortness of breath,1
Shortness of breath/Cough,1
Shortness of breath/chest Pain/vomiting,1
Sore Throat,1
Sore Throat ,1
Sore Throat/Body Pain,1
Sore Throat/Body Pain/Headache,1
Sore Throat/loose stools,1
Sputum,1
Breathlessness/Fever/Myalgia,1
Type 2 Diabetes Mellitus/Chronic Kidney Disease/Systemic Hypertension/Coronary Artery Disease,1
Type 2 Diabetes Mellitus/Cerebrovascular Accident/Systemic Hypertension,1
Type 2 Diabetes Mellitus/Systemic Hypertension/Coronary Artery Disease/Disseminated Tuberculosis/Bronchial Asthma,1
Type 2 Diabetes Mellitus/Systemic Hypertension/Old Intracranial Hemorrhage/Chronic Kidney Disease,1
Acute Right Lower Limb Ischemia/Femoropopliteal Occlusion,1
Type 2 Diabetes Mellitus/Systemic Hypertension/Post Angioplasty/Chronic obstructive Pulmonary Disease,1
Type 2 Diabetes Mellitus/Systemic Hypertension/Pre Renal Azotemia,1
Type 2 Diabetes Mellitus/Systemic Hypertension/Pulmonary Tuberculosis,1
Type 2 Diabetes Mellitus/Systemic Hypertension/Pulmonary tuberculosis/Chronic obstructive Pulmonary Disease,1
Type 2 Diabetes Mellitus/Systemic Hypertension/Renal Failure,1
Type 2 Diabetes Mellitus/Systemic Hypertension/Rheumatoid Arthritis,1
Type 2 Diabetes Mellitus/Systemic Hypertension/Right Hemiplegia,1
Type 2 Diabetes Mellitus/Systemic Hypertension/Right Vestibular Schwannoma,1
Type 2 Diabetes Mellitus/Systemic Hypertension/Septic Sigmoid Diverclitis/Hollow Viscus Perforation,1
Type 2 Diabetes Mellitus/Systemic Hypertension/Supraventricular Tachycardia,1
Type 2 Diabetes Mellitus/Systemic Hypertension/Tuberculosis,1
Type 2 Diabetes Mellitus/Systemic Hypertension/Tuberculosis/Bronchial Asthma/seizure/Coronary Artery Disease/Chronic Kidney Disease,1
Type 2 Diabetes Mellitus/Systemic Hypertension/coronary Artery Disease,1
Acute Myeloid Leukemia,1
Acute Kidney Injury/Type 2 Diabetes Mellitus,1
Acute Kidney Injury/Systemic Hypertension/Type 2 Diabetes Mellitus,1
Type 2 Diabetes Mellitus/Systemic hypertension,1
Type 2 Diabetes Mellitus/fungal sinusitis,1
Type 2 Diabetes Mellitus/invasive fungal sinusitis,1
Acute Kidney Injury/Septic Shock,1
Type 2 Diabetes Mellitus/seizure/Parkinsonism,1
Type 2 Diabetes Mellitus/uncontrolled Hyperglycemia,1
Acute Kidney Injury/Large Mesentic Cyst,1
Acute Kidney Injury/Hypothyroidism,1
Acute Cerebrovascular Accident/Massive infarction,1
Type 2 Diabetes Mellitus/Systemic Hypertension/Old Cerebrovascular Accident/Hypothyroidism,1
Type 2 Diabetes Mellitus/Systemic Hypertension/Old Cerebrovascular Accident/Diabetic Nephropathy,1
Type 2 Diabetes Mellitus/Systemic Hypertension/Old Cerebrovascular Accident/Coronary Artery Disease,1
Type 2 Diabetes Mellitus/Systemic Hypertension/HBSAG Positive,1
Type 2 Diabetes Mellitus/Systemic Hypertension/Coronary Artery Disease/Hyperlipidemia/Hypothyroidism/Acute on Chronic Kidney Disease,1
Type 2 Diabetes Mellitus/Systemic Hypertension/Coronary Artery Disease/Hypothyroidism/Obesity/Obstructive Sleep Apnea,1
Type 2 Diabetes Mellitus/Systemic Hypertension/Coronary Artery Disease/Lung Absess,1
Type 2 Diabetes Mellitus/Systemic Hypertension/Coronary Artery Disease/Obstructive Sleep Apnea,1
Arthritis,1
Type 2 Diabetes Mellitus/Systemic Hypertension/Coronary Artery Disease/Old Cerebrovascular Accident/Renal Failure/Hyperthyroidism,1
Type 2 Diabetes Mellitus/Systemic Hypertension/Coronary Artery Disease/Post Coronary Artery Bypass Grafting,1
Type 2 Diabetes Mellitus/Systemic Hypertension/Coronary Artery Disease/Renal Failure,1
Antenatal mother/Placenta previa,1
Type 2 Diabetes Mellitus/Systemic Hypertension/Diabetic Keto acidosis/Chronic obstructive Pulmonary Disease,1
Type 2 Diabetes Mellitus/Systemic Hypertension/Diabetic feet Ulcer/Renal Failure,1
Type 2 Diabetes Mellitus/Systemic Hypertension/Dilated Cardiomyopathy,1
Type 2 Diabetes Mellitus/Systemic Hypertension/Hepatitis B,1
Altered Sensorium ,1
Anemia/Renal Failure,1
Anemia/Morbid Obesity/Autism,1
Type 2 Diabetes Mellitus/Systemic Hypertension/Hypothyroidism/Coronary Artery Disease,1
Type 2 Diabetes Mellitus/Systemic Hypertension/Hypothyroidism/Coronary Artery Disease/Old Cerebrovascular Accident/Right Hemiplegia,1
Type 2 Diabetes Mellitus/Systemic Hypertension/Hypothyroidism/Obesity,1
Altered Sensorium/Fever/Breathing Difficulty,1
Type 2 Diabetes Mellitus/Systemic Hypertension/Leprosy,1
Type 2 Diabetes Mellitus/Systemic Hypertension/Lupus Nephritis,1
Type 2 Diabetes Mellitus/Systemic Hypertension/Nephropathy,1
Type 2 Diabetes Mellitus/Systemic Hypertension/Obesity,1
Type 2 Diabetes Mellitus/Systemic Hypertension/Obesity/Coronary Artery Disease/Chronic Obstructive Pulmonary Disease/Chronic Kidney Disease,1
Type 2 Diabetes Mellitus/Systemic Hypertension/Obstructive Sleep Apnea,1
Type 2 Diabetes mellitus/Systemic Hypertension/Acute Cerebrovascular Accident,1
Type 2 Diabetes mellitus/Systemic Hypertension/Chronic Kidney Disease,1
Type 2 Diabetes mellitus/Systemic Hypertension/Chronic obstructive Pulmonary Disease/Coronary Artery Disease/Chronic Kidney Disease,1
Abdominal Discomfort/Vomiting,1
loose stools,1
loose stools/loss of appetite/Fever,1
loose stools/tiredness,1
loss of appetite/fatigue/General Tiredness,1
loss of smell/Breathing Difficulty,1
loss of smell/loss of taste/Diarrhoea,1
Abdominal Pain ,1
newly detected diabetes/Systemic Hypertension,1
numbness of right upper limb/slurring of speech,1
old Cerebrovascular Accident,1
old age,1
post op - Left Closed Femur Fracture,1
seizure/Cerebral palsy,1
general Pain,1
seizure/Chronic Kidney Disease,1
seizure/Down Syndrome,1
seizure/Hypertension,1
seizure/Intellectual Disability,1
seizure/Mental Retardation/Ventricular Septal Defect,1
seizure/Morbid Obesity,1
seizure/Pulmonary Tuberculosis,1
seizure/Type 2 Diabetes Mellitus/Hypothyroidism,1
shortness of breath/Myalgia,1
systemic Hypertension/Diabetes Mellitus/Atrial Fibrillation,1
throat Pain,1
tiredness ,1
general Weakness/Loss of Appetite,1
fever/breathlessness ,1
Type 2 Diabetes mellitus/Systemic Hypertension/Coronary Artery Disease,1
Vomiting/myalgia/Loss of appetite,1
Type 2 Diabetes mellitus/Systemic Hypertension/Hypothyroidism,1
Type1 Diabetes Mellitus,1
Ulcerative Colitis,1
Uncontrolled Diabetes Mellitus,1
Unstable Angina,1
Valvular Heart Disease,1
Acute Anterior Wall Myocardinal infarction/Hypertension,1
Vomiting/Abdominal Pain,1
Vomiting/Breathing Difficulty,1
Vomiting/Loose stools,1
Vomiting/Loose stools/Right Leg Pain/Decreased Sensorium,1
Vomiting/Unconsciousness,1
Weakness,1
fatigue/myalgia,1
body weakness,1
Abductor Vocal Cord Palsy,1
breathlessness/Cough,1
breathlessness/loose stools,1
breathlessness/loss of appetite,1
cancer cervix,1
cerebrovascular accident/Hypertension,1
chest Pain,1
chest Pain/Myalgia,1
drowsiness,1
expectoration,1
Abdominal Pain/Vomiting ,1
Type 2 Diabetes Mellitus/Systemic Hypertension/Coronary Artery Disease/HBSAG Positive,1
Type 2 Diabetes Mellitus/Systemic Hypertension/Coronary Artery Disease/Chronic Kidney Disease/Hypothyroidism,1
Type 2 Diabetes Mellitus/Chronic Alcoholic Liver Disease/Metabolic Encephalopathy,1
Atrial Fibrillation,1
Type 2 Diabetes Mellitus/Coronary Artery Disease/Chronic Kidney disease/Systemic Hypertension,1
Type 2 Diabetes Mellitus/Coronary Artery Disease/Chronic Obstructive Pulmonary Disease,1
Type 2 Diabetes Mellitus/Coronary Artery Disease/Hypothyroidism,1
Type 2 Diabetes Mellitus/Coronary Artery Disease/Multiple Myeloma,1
Type 2 Diabetes Mellitus/Coronary Artery Disease/Old Inferior Wall Myocardial infarction,1
Type 2 Diabetes Mellitus/Coronary Artery Disease/Renal Failure,1
Breathing Difficulty/Throat Pain,1
Type 2 Diabetes Mellitus/Coronary Artery Disease/seizure/Bronchial Asthma,1
Breathing Difficulty/Side facial Swelling,1
Type 2 Diabetes Mellitus/Coronary Kidney Disease,1
Type 2 Diabetes Mellitus/Diabetes Mellitus,1
Type 2 Diabetes Mellitus/Diabetes Mellitus/Coronary Artery Disease,1
Breathing Difficulty/Nausea/Vomiting,1
Type 2 Diabetes Mellitus/Diabetic Nephropathy/Bladder Outlet Obstruction,1
Type 2 Diabetes Mellitus/Diffuse Axonal Injury,1
Type 2 Diabetes Mellitus/Dyslipidemia,1
Type 2 Diabetes Mellitus/Epilepsy/Coronary Artery Disease/Hypertension,1
Breathing Difficulty/Myalgia/Loss of appetite/Giddiness,1
Type 2 Diabetes Mellitus/Hypertension/Bronchial Asthma,1
Type 2 Diabetes Mellitus/Hypertension/Cerebrovascular Accident,1
Type 2 Diabetes Mellitus/Hypertension/Chronic Kidney Disease,1
Type 2 Diabetes Mellitus/Hypertension/Chronic Kidney Disease/Obesity,1
Breathing Difficulty/Myalgia/Headache,1
Type 2 Diabetes Mellitus/Hypertension/Coronary Artery Disease/old Cerebrovascular Accident,1
Type 2 Diabetes Mellitus/Hypertension/Diabetic Keto Acidosis,1
Type 2 Diabetes Mellitus/Hypertension/Hypothyroidism,1
Type 2 Diabetes Mellitus/Hypertension/Mucormycosis,1
Type 2 Diabetes Mellitus/Coronary Artery Disease/Chronic Kidney disease,1
Type 2 Diabetes Mellitus/Coronary Artery Disease/Chronic Kidney Disease/Old Anterior Wall myocardial infarction,1
Type 2 Diabetes Mellitus/Coronary Artery Disease/Chronic Kidney Disease/Diabetic Neuropathy,1
Type 2 Diabetes Mellitus/Chronic Kidney Disease/coronary Artery Disease,1
Breathlessness/Fever/Cough,1
Type 2 Diabetes Mellitus/Chronic Kidney Disease/Cerebrovascular Accident/Systemic Hypertension,1
Breathlessness/Fever/Breathing Difficulty,1
Breathlessness/Chest Pain,1
Type 2 Diabetes Mellitus/Chronic Kidney Disease/Hypothyroidism,1
Type 2 Diabetes Mellitus/Chronic Kidney Disease/Metabolic Encephalopathy,1
Type 2 Diabetes Mellitus/Chronic Kidney Disease/Old Cerebrovascular Attack/Systemic Hypertension,1
Type 2 Diabetes Mellitus/Chronic Kidney Disease/Old Tuberculosis Meningitis,1
Type 2 Diabetes Mellitus/Chronic Kidney Disease/Post Urethrostomy,1
Breathing Difficulty/loose stools,1
Morbid Obesity/Chronic Obstructive Pulmonary Disease,1
Type 2 Diabetes Mellitus/Chronic Kidney Disease/Systemic Hypertension/Coronary Artery Disease/Hypothyroidism,1
Breathing Difficulty/drowsiness ,1
Breathing Difficulty/Tiredness/Body Pain,1
Breathing Difficulty/chest Pain,1
Breathing Difficulty/Vomiting/loose stools,1
Type 2 Diabetes Mellitus/Chronic obstructive Pulmonary Disease/Chronic Kidney Disease,1
Type 2 Diabetes Mellitus/Chronic obstructive Pulmonary Disease/seizure,1
Type 2 Diabetes Mellitus/Chronic obstructive pulmonary disease,1
Breathing Difficulty/Vomiting/General Tiredness,1
Type 2 Diabetes Mellitus/Coronary Artery Disease -Post Percutaneous Transluminal Coronary Angioplasty,1
Type 2 Diabetes Mellitus/Coronary Artery Disease/Acute Cerebrovascular Accident,1
Type 2 Diabetes Mellitus/Coronary Artery Disease/Acute Kidney injury,1
Type 2 Diabetes Mellitus/Coronary Artery Disease/Bronchial Asthma,1
Type 2 Diabetes Mellitus/Coronary Artery Disease/Cardiac Failure/Left Diabetic Foot Ulcer,1
Type 2 Diabetes Mellitus/Coronary Artery Disease/Cerebrovascular Accident,1
Type 2 Diabetes Mellitus/Hypertension/Old Cerebrovascular Accident/Coronary Artery Disease,1
Breathing Difficulty/Mild Cough,1
Breathing Difficulty/Loss of smell,1
Type 2 Diabetes Mellitus/Systemic Hypertension/Chronic Kidney Disease/Invasive Fungal Sinusitis,1
Type 2 Diabetes Mellitus/Systemic Hypertension/Carcinoma Left Lung Post Chemotherapy/Radiotherapy,1
Breathing Difficulty/Body Pain/Vomiting,1
Type 2 Diabetes Mellitus/Systemic Hypertension/Cerebrovascular Accident/Coronary Artery Disease,1
Type 2 Diabetes Mellitus/Systemic Hypertension/Cerebrovascular Accident/Left Hemiplegia,1
Type 2 Diabetes Mellitus/Systemic Hypertension/Cerebrovascular accident/Mucormycosis,1
Breathing Difficulty/Body Pain/Loose stools,1
Type 2 Diabetes Mellitus/Systemic Hypertension/Chronic Kidney Disease/Acute Anemia,1
Type 2 Diabetes Mellitus/Systemic Hypertension/Chronic Kidney Disease/Carcinoma Bladder,1
Type 2 Diabetes Mellitus/Systemic Hypertension/Chronic Kidney Disease/Cerebrovascular Accident,1
Breathing Difficulty/Altered sensorium,1
Type 2 Diabetes Mellitus/Systemic Hypertension/Chronic Kidney Disease/Coronary Artery Disease/Hypothyroidism,1
Type 2 Diabetes Mellitus/Systemic Hypertension/Chronic Kidney Disease/Diabetic Keto Acidosis,1
Type 2 Diabetes Mellitus/Systemic Hypertension/Chronic Kidney Disease/Old Pulmonary Tuberculosis,1
Type 2 Diabetes Mellitus/Systemic Hypertension/Cancer Bladder,1
Body Pain/Loss of Appetite,1
Body Pain/Headache,1
Type 2 Diabetes Mellitus/Systemic Hypertension/Chronic Liver Disease/Coronary Artery Disease,1
Type 2 Diabetes Mellitus/Systemic Hypertension/Chronic Myeloid Leukemia,1
Body Pain/Fever/Severe Cough,1
Type 2 Diabetes Mellitus/Systemic Hypertension/Chronic Obstructive Pulmonary Disease/Coronary Artery Disease -POST Percutaneous Transluminal Coronary Angioplasty,1
Body Pain/Cough,1
Body Pain/Cold,1
Type 2 Diabetes Mellitus/Systemic Hypertension/Coronary Artery Disease/Acute Kidney Disease,1
Body Pain,1
Blood Cancer,1
Autoimmune Hemolytic Anemia/Type 2 Diabetes Mellitus,1
Type 2 Diabetes Mellitus/Systemic Hypertension/Carcinoma Cervix,1
Type 2 Diabetes Mellitus/Systemic Hypertension/Cancer,1
Type 2 Diabetes Mellitus/Inter Ventricular Conduction Defect/Hypokalemia/Coronary Artery Disease,1
Breathing Difficulty/General Tiredness,1
Type 2 Diabetes Mellitus/Interstitial Lung Disease/Coronary Artery Disease,1
Type 2 Diabetes Mellitus/Leg Osteomyelitis,1
Type 2 Diabetes Mellitus/Lepromatous Leprosy/Anemia,1
Breathing Difficulty/Loss of Smell,1
Type 2 Diabetes Mellitus/Morbid Obesity/Hypothyroidism,1
Type 2 Diabetes Mellitus/Morbid obesity,1
Type 2 Diabetes Mellitus/OLD Cerebrovascular Accident,1
Type 2 Diabetes Mellitus/Old Cerebrovascular Accident/Chronic Kidney Disease/Pulmonary Tuberculosis,1
Type 2 Diabetes Mellitus/Old Cerebrovascular Accident/Obesity,1
Type 2 Diabetes Mellitus/Pancreatitis,1
Type 2 Diabetes Mellitus/Parkinsonism/Old Cerebrovascular Accident,1
Type 2 Diabetes Mellitus/Post Cerebrovascular Accident,1
Type 2 Diabetes Mellitus/Psychosis,1
Type 2 Diabetes Mellitus/Systemic Hypertension/Bronchial Asthma/Chronic Kidney Disease,1
Breathing Difficulty/Fever/Body Pain,1
Type 2 Diabetes Mellitus/Pyelonephrosis,1
Breathing Difficulty/Fever ,1
Breathing Difficulty/Diarrhoea,1
Type 2 Diabetes Mellitus/Right sided Pyelonephritis,1
Breathing Difficulty/Cough/Cold,1
Breathing Difficulty/Cough/Abdominal discomfort,1
Type 2 Diabetes Mellitus/Systemic Hypertension/Acute Renal Failure,1
Type 2 Diabetes Mellitus/Systemic Hypertension/Aortic Sclerosis,1
Type 2 Diabetes Mellitus/Systemic Hypertension/Asthma,1
Type 2 Diabetes Mellitus/Systemic Hypertension/Bicytopenia,1
Breathing Difficulty/Chest Pain/Altered Sensorium,1
Morbid Obesity/Diabetes Mellitus/Hypertension,1
Loss of Appetite/Nausea,1
Chronic Kidney Disease/Diabetes Mellitus/Rheumatoid Arthritis,1
Cough/Body Pain/Breathing Difficulty,1
Fever/Breathing Difficulty/Myalgia/Nausea,1
Fever/Breathing Difficulty/Myalgia/tiredness,1
Fever/Breathing Difficulty/Sore throat/Headache,1
Fever/Breathing Difficulty/Tiredness/Headache,1
Fever/Breathing Difficulty/Vomiting,1
Fever/Breathing Difficulty/Vomiting ,1
Fever/Breathing Difficulty/Vomiting/Loose stools,1
Fever/Breathing Difficulty/fatigue/loose stools,1
Fever/Breathing Difficulty/general Body Pain,1
Cough/Drowsiness ,1
Fever/Breathing Difficulty/loss of appetite,1
Fever/Breathing Difficulty/myalgia,1
Fever/Breathing Difficulty/tiredness,1
Fever/Breathing difficulty,1
Cough/Cold/body Pain,1
Cough/Cold/Loss of Appetite,1
Cough/Cold/Fever/Breathlessness,1
Fever/Breathlessness/Cough ,1
Cough/Cold/Breathing Difficulty/Loose stools ,1
Fever/Breathlessness/Myalgia/sore throat,1
Fever/Breathlessness/Seizure,1
Cough/Cold/Breathing Difficulty ,1
Fever/Cold/Cough/Breathing Difficulty ,1
Fever/Cold/Cough/Nausea,1
Fever/Cold/Myalgia/Breathing Difficulty,1
Fever/Cold/loss of taste,1
Fever/Constipation,1
Fever/Breathing Difficulty/Myalgia/Loss of Appetite,1
Cough/Fatigue,1
Fever/Breathing Difficulty/Loss of appetite/Myalgia,1
Fever/Body Pain/Loose stools,1
Fatigue/Epigastric Pain,1
Fatigue/Fever,1
Fatigue/Loss of appetite,1
Cough/Loss of Taste,1
Fever/Abdominal Pain,1
Fever/Abdominal Pain ,1
Cough/Loose stools/Loss of Appetite,1
Fever/Altered Sensorium/Breathing Difficulty,1
Fever/Altered sensorium,1
Cough/Headache/Myalgia,1
Fever/Body Pain/Breathing Difficulty,1
Fever/Body Pain/Cough/Breathing Difficulty,1
Fever/Body Pain/general weakness,1
Fever/Breathing Difficulty/Loss of Taste/body weakness/Giddiness,1
Fever/Body pain/Cough/Cold,1
Cough/General Tiredness/Loose stools,1
Cough/General Tiredness,1
Fever/Breathing Difficulty/Chest Discomfort,1
Fever/Breathing Difficulty/Cough ,1
Fever/Breathing Difficulty/Cough/General Tiredness,1
Fever/Breathing Difficulty/Cough/Loose stools,1
Fever/Breathing Difficulty/Diarrhoea,1
Fever/Breathing Difficulty/Dry Cough/Tiredness,1
Cough/Fever/abdominal Pain,1
Fever/Breathing Difficulty/Giddiness,1
Cough/Fever/Breathlessness,1
Cough/Breathlessness/dysponea,1
Cough/Breathlessness/Myalgia/Bronchial Asthma,1
Cough/Breathlessness/Loose stools,1
Cough/Breathing Difficulty/Fever ,1
Cough/Breathing Difficulty/Loose stools ,1
Fever/Cough/Breathing Difficulty/diarrhoea,1
Fever/Cough/Breathing Difficulty/headache,1
Fever/Cough/Breathing Difficulty/loss of smell,1
Fever/Cough/Breathing Difficulty/myalgia,1
Cough/Breathing Difficulty/Headache/Abdominal discomfort,1
Fever/Cough/Breathing difficulty ,1
Fever/Cough/Breathlessness/Headache,1
Fever/Cough/Breathlessness/Myalgia,1
Fever/Cough/Bronchial Asthma,1
Fever/Cough/Chest Pain ,1
Cough/Breathing Difficulty/Fever/Loose stools,1
Fever/Cough/Cold/Myalgia/Vomiting,1
Fever/Cough/Breathing Difficulty/Throat Pain,1
Fever/Cough/Cold/breathlessness ,1
Fever/Cough/Cold/loss of appetite,1
Fever/Cough/Coryza,1
Cough/Breathing Difficulty/Fatigue/Myalgia,1
Fever/Cough/Diarrhoea/Breathing Difficulty,1
Cough/Breathing Difficulty/Body Pain/Tiredness,1
Fever/Cough/Expectoration,1
Fever/Cough/Exreme Body Pain,1
Fever/Cough/Fatigue,1
Cough/Breathing Difficulty/Body Pain/Loose stools ,1
Fever/Cough/General Tiredness/Myalgia,1
Fever/Cough/Giddiness ,1
Fever/Cough/Breathing Difficulty/Tiredness,1
Fever/Cough/Breathing Difficulty/Sore Throat,1
Fever/Cough/Body Pain/Headache,1
Fever/Cough/Breathing Difficulty/General Tiredness,1
Fever/Cough/Body Pain/general Myalgia,1
Fever/Cough/Body Pain/general Tiredness,1
Fever/Cough/Body Weakness/Breathlessness,1
Cough/Breathlessness/Fever,1
Cough/Breathing Difficulty/myalgia,1
Fever/Cough/Breathing Difficulty/Anorexia,1
Fever/Cough/Breathing Difficulty/Body Pain,1
Fever/Cough/Breathing Difficulty/Chest Pain,1
Fever/Cough/Breathing Difficulty/Chest Pain ,1
Cough/Breathing Difficulty/general tiredness,1
Cough/Breathing Difficulty/general myalgia,1
Fever/Cough/Breathing Difficulty/Drowsiness,1
Fever/Cough/Breathing Difficulty/Headache,1
Fever/Cough/Breathing Difficulty/Severe Tiredness/Giddiness,1
Fever/Cough/Breathing Difficulty/Hyperglycemia,1
Fever/Cough/Breathing Difficulty/Less food intake,1
Cough/Breathing Difficulty/Nausea,1
Fever/Cough/Breathing Difficulty/Loose stools/Cold,1
Fever/Cough/Breathing Difficulty/Loose stools/Decrease in oral Intake,1
Fever/Cough/Breathing Difficulty/Loose stools/Myalgia/Loss of Smell,1
Fever/Cough/Breathing Difficulty/Loose stools/Reduced oral intake,1
Fever/Cough/Breathing Difficulty/Loss of appetite,1
Fever/Cough/Breathing Difficulty/Loss of taste/Fatigue,1
Cough/Breathing Difficulty/Loss of Taste,1
Fever/Cough/Breathing Difficulty/Reduced Oral Intake,1
Fever/Cough/Breathing Difficulty/Right facial Pain,1
Eye Irritation/Bronchial Asthma/Fever/Sore throat,1
Extreme tiredness/Dry Cough,1
Cough/Myalgia ,1
Diabetes Mellitus/Old Pulmonary Tuberculosis,1
Cough/fever,1
Cough/breathlessness/loss of taste/nausea,1
Diabetes Mellitus/Hypertension/Coronary Artery Disease/Hypothyroidism,1
Diabetes Mellitus/Hypertension/Hypothyroidism,1
Diabetes Mellitus/Hypertension/Pulmonary Hypertension,1
Diabetes Mellitus/Hypertension/Right Hemiparesis,1
Diabetes Mellitus/Hypertension/Tuberculosis Meningitis,1
Diabetes Mellitus/Hypothyroidism/Bipolar Disorder,1
Diabetes Mellitus/Ischemic Heart Disease,1
Diabetes Mellitus/Morbid Obesity,1
Diabetes Mellitus/Multiple Myeloma,1
Diabetes Mellitus/Old Anterior Wall myocardial infarction,1
Diabetes Mellitus/Ovarian Cancer,1
Cough/fever/Breathing Difficulty,1
Diabetes Mellitus/Pulmonary Tuberculosis,1
Diabetes Mellitus/Rheumatic Heart Disease/Mitral Stenosis,1
Diabetes Mellitus/Rheumatoid Arthritis,1
Cough/Vomiting ,1
Diabetes Mellitus/Systemic Hypertension/Bronchial Asthma,1
Diabetes Mellitus/Systemic Hypertension/Bronchial Asthma/Coronary Artery Disease/Renal Calculi,1
Diabetes Mellitus/Systemic Hypertension/Bronchial Asthma/seizure/Chronic Kidney Disease,1
Cough/Vomiting,1
Cough/Tiredness/Body Pain,1
Diabetes Mellitus/Systemic Hypertension/Chronic Kidney disease,1
Diabetes Mellitus/Systemic Hypertension/Chronic obstructive Pulmonary Disease,1
Diabetes Mellitus/Systemic Hypertension/Chronic obstructive Pulmonary Disease/Old Cerebrovascular Accident/Pott'spine,1
Diabetes Mellitus/Hypertension/Chronic Obstructive Pulmonary Disease,1
Diabetes Mellitus/Hypertension/Acute Kidney Injury,1
Cough/Sore Throat/Dysponea,1
Cough/loss of smell/Myalgia,1
Decompensated Liver Disease/Severe Anemia,1
Decreased Responsiveness,1
Depression,1
Cough/tiredness,1
Cough/shortness of breath,1
Diabetes Mellitus/Acute Cerebrovascular Accident,1
Cough/myalgia/Breathing Difficulty,1
Diabetes Mellitus/Adenocarcinoma Rectum,1
Diabetes Mellitus/Bronchial Asthma,1
Diabetes Mellitus/Bronchial Asthma/Coronary Artery Disease,1
Diabetes Mellitus/Bronchial Asthma/Epilepsy,1
Diabetes Mellitus/Bronchial Asthma/seizure,1
Diabetes Mellitus/Cerebrovascular Accident/Left Hemiplegia,1
Cough/general Tiredness,1
Diabetes Mellitus/Cholelithiasis/Renal lithiasis,1
Cough/loss of appetite,1
Diabetes Mellitus/Chronic Kidney Disease/Systemic Hypertension,1
Diabetes Mellitus/Chronic Kidney disease/Coronary Artery Disease,1
Diabetes Mellitus/Chronic Obstructive Pulmonary Disease,1
Cough/headache/myalgia,1
Diabetes Mellitus/Coronary Artery Disease/Hypertension,1
Cough/headache/body Pain/loose stools,1
Diabetes Mellitus/Coronary Artery disease,1
Diabetes Mellitus/Diabetic Keto Acidosis,1
Diabetes Mellitus/Diabetic Keto Acidosis/Hypertension,1
Diabetes Mellitus/Fracture Right Femur,1
Diabetes Mellitus/Systemic Hypertension/Coronary Artery Disease/Cerebrovascular Accident,1
Diabetes Mellitus/Systemic Hypertension/Coronary Artery Disease/Chronic Kidney Disease/Cerebrovascular Accident/Bronchial Asthma,1
Dysponea/Loss of Appetite,1
Diffused Large B Cell Lymphoma,1
Diabetes mellitus/Systemic Hypertension/Coronary Artery Disease - Coronary Artery Bypass Grafting,1
Diabetes mellitus/Systemic Hypertension/Old Pulmonary Tuberculosis,1
Diabetes/Coronary Artery Disease,1
Cough/Myalgia/Throat Pain/Loose stools,1
Diabetes/Hypertension/Hypothyroidism,1
Diabetes/Hypertension/Hypothyroidism/Coronary Artery Disease,1
Diabetes/Systemic Hypertension/Chronic Kidney Disease,1
Diabetes/Systemic Hypertension/Coronary Artery Disease,1
Cough/Myalgia/Throat Pain,1
Diarrhoea ,1
Diarrhoea/Dizziness,1
Diarrhoea/loss of smell,1
Dilated Cardiomyopathy,1
Diabetes mellitus/Systemic Hypertension/Chronic Kidney Disease,1
Dilated Cardiomyopathy/Rheumatic heart Disease,1
Dissection.,1
Dizziness/Myalgia/Tiredness,1
Down Syndrome,1
Down Syndrome/Type 2 Diabetes Mellitus,1
Cough/Myalgia/Loss of appetite,1
Cough/Myalgia/Headache,1
Drowsiness/Disoriented speech,1
Dry Cough,1
Dysponea,1
Dysponea ,1
Dysponea/Breathing Difficulty,1
Diabetes mellitus/Systemic Hypertension/Coronary Artery Disease,1
Cough/Severe Body Pain ,1
Diabetes Mellitus/Systemic Hypertension/Coronary Artery Disease/Hypothyroidism,1
Diabetes Mellitus/Systemic Hypertension/Psoriasis,1
Diabetes Mellitus/Systemic Hypertension/Coronary Artery Disease/Old Cerebrovascular Accident,1
Diabetes Mellitus/Systemic Hypertension/Coronary Artery Disease/Renal Failure,1
Diabetes Mellitus/Systemic Hypertension/Coronary Artery Disease/Thyroid,1
Diabetes Mellitus/Systemic Hypertension/Coronary Artery disease,1
Diabetes Mellitus/Systemic Hypertension/Diabetic Nephropathy,1
Diabetes Mellitus/Systemic Hypertension/Dyslipidemia,1
Diabetes Mellitus/Systemic Hypertension/Heart Disease,1
Cough/Sore Throat/Breathing Difficulty,1
Diabetes Mellitus/Systemic Hypertension/Multiple Myeloma,1
Diabetes Mellitus/Systemic Hypertension/Old Cerebrovascular Accident/Old Fracture femur,1
Diabetes Mellitus/Systemic Hypertension/Parkinsonism,1
Diabetes Mellitus/Systemic Hypertension/Post renal Transplant/Hypothyroidism,1
Diabetes Mellitus/Systemic Hypertension/Pulmonary Tuberculosis,1
Diabetes mellitus/Hypertension/Chronic Kidney Disease,1
Diabetes Mellitus/Systemic Hypertension/Pulmonary Tuberculosis/Hypothyroidism,1
Diabetes Mellitus/Systemic Hypertension/Tuberculosis/Bronchial Asthma,1
Diabetes Mellitus/Systemic Hypertension/morbid Obesity/Coronary Artery Disease,1
Diabetes Mellitus/Systemic Hypertension/seizure,1
Diabetes Mellitus/Tuberculosis spine/rheumatic heart disease/Chronic Obstructive Pulmonary Disease,1
Diabetes Mellitus/parkinsonism,1
Cough/Shortness of breath,1
Cough/Shortness of Breath/general body pain/Fatigue/Loose stools,1
Cough/Shortness of Breath ,1
Diabetes mellitus/Coronary Artery Disease,1
Cough/Shortness of Breath,1
Diabetes mellitus/Hypertension/Cerebrovascular Accident,1
Cough/Breathing Difficulty/Bilateral Lower Limb Swelling,1
Fever/Cough/Loose stools/Breathing Difficulty,1
Mitral Valve Prolapse,1
Fever/Cough/Loose stools/Vomiting,1
Fever/sore throat/fatigue/dry Cough/body pain/headache,1
Fever/tiredness,1
Fever/tiredness/loss of appetite,1
Fever/unconsciousness/Cough/Breathing Difficulty,1
Fever/vomiting ,1
General Tiredness,1
General Tiredness/Headache,1
General Tiredness/Increased Mictuation,1
General Tiredness/loss of taste/myalgia/Fever/shortness of breath ,1
General Tiredness/unconsciousness,1
General Tiredness/vomiting/Breathing Difficulty,1
Gestational Diabetes Mellitus/Morbid Obesity,1
Gestational Hypertension,1
Chronic Kidney disease/Decompensated Chronic Liver Disease,1
Giddiness/Fatigue,1
Giddiness/Loose stools,1
Giddiness/Myalgia,1
Giddiness/breathlessness/myalgia/Vomiting/nausea,1
Giddiness/diarrhoea ,1
Chronic Kidney Disease/Uremic Gastritis,1
HIV/AIDS/Peri Ampullary Carcinoma,1
Hansen'disease,1
Chronic Kidney Disease/Type 2 Diabetes Mellitus/Systemic Hypertension/Hypertension,1
Headache/Abdominal Pain,1
Headache/Breathing Difficulty,1
Headache/Eye Swelling,1
Headache/Loss of taste/Cough/Cold,1
Fever/sore throat,1
Fever/severe Cough/myalgia,1
Fever/reduced ampulation/altered sensorium,1
Fever/headache/General Pain/Breathing Difficulty,1
Fever/breathlessness/myalgia/loss of appetite,1
Fever/cough/breathlessness,1
Fever/diarrhoea/headache/decreased smell,1
Fever/drowsiness,1
Fever/dry Cough/left sided chest Pain/breathlessness,1
Fever/dysponea,1
Chronic Obstructive Pulmonary Disease/Coronary Artery Disease,1
Fever/fatigue/Cough,1
Fever/general Body Pain,1
Fever/general Tiredness,1
Fever/headache/Cough,1
Fever/headache/Cough/altered sensorium ,1
Chronic Liver Disease/Post Liver Transplantation,1
Fever/myalgia/loose stools,1
Fever/loose stools ,1
Fever/loose stools/Vomiting,1
Fever/loose stools/throat Pain/Cough,1
Fever/loss of Appetite,1
Chronic Kidney disease/Systemic Hypertension,1
Fever/loss of appetite/myalgia,1
Fever/loss of appetite/tiredness,1
Fever/loss of taste,1
Chronic Kidney disease/Prostate Malignancy,1
Chronic Kidney disease/Diabetes Mellitus/Systemic Hypertension,1
Fever/myalgia/Cough ,1
Fever/myalgia/fatigue,1
Chronic Kidney Disease/Type 2 Diabetes Mellitus/Systemic Hypertension/Coronary Artery Disease,1
Hepatitis/Bronchopneumonia,1
Hiccups/loose stools/decreased urine output,1
Loose stools/loss of appetite,1
Interstitial Lung Disease on Steriods,1
Interstitial Lung Disease/Type 2 Diabetes Mellitus/Systemic Hypertension,1
Ischemic Dilated Cardio myopathy/Type 2 Diabetes Mellitus/Systemic Hypertension,1
Juvenile Diabetes Mellitus/Chronic Kidney Disease/Congenital Blindness,1
Left Hemiparesis,1
Left Sided Weakness,1
Left Ventricular Hypertrophy,1
Left side cavernous sinus tumor,1
Leprosy,1
Leukemia,1
Loose stools ,1
Loose stools/general Body Pain,1
Loss of Appetite ,1
IVF/DCDA twin gestation,1
Loss of Appetite/Loss of Smell,1
Decompensated Chronic Liver Disease/Hypertension/Coronary Artery Disease,1
Loss of Smell/Nausea,1
Loss of appetite/Abdominal Pain,1
Loss of appetite/General Tiredness,1
Loss of appetite/fatigue,1
Lung Metastasis,1
Lymphoma,1
Mental Retardation,1
Metabolic Encephalopathy/Diabetes Mellitus,1
Metastasis,1
Mitochondrial Cytopathy/Cerebellar Ataxia/seizure,1
Chronic Kidney Disease/Polio/Pulmonary Hypertension,1
IHD,1
Chronic Kidney Disease/Type 2 Diabetes Mellitus/Systemic Hypertension/Chronic Liver Disease,1
Hypertension/Hypothyroidism,1
Hypertension/Acute Kidney Injury,1
Hypertension/Bronchial Asthma,1
Hypertension/Chronic Kidney Disease,1
Hypertension/Chronic kidney disease,1
Hypertension/Coronary Artery Disease,1
Hypertension/Coronary Artery Disease/Diabetes Mellitus,1
Chronic Kidney Disease/Type 2 Diabetes Mellitus/Coronary Artery Disease,1
Hypertension/Diabetes Mellitus/Parkinsonism,1
Chronic Kidney Disease/Type 2 Diabetes Mellitus/Chronic Obstructive Pulmonary Disease/Systemic Hypertension,1
Hypertension/Diabetes mellitus/Coronary Artery Disease,1
Hypertension/Epilepsy/Old Cerebrovascular Accident,1
Hypertension/Hyperthyroidism,1
Hypertension/Hypothyroidism/Chronic Liver Disease,1
Chronic Kidney Disease/Systemic Hypertension/Heart Disease,1
Chronic Kidney Disease/Systemic Hypertension/Type 2 Diabetes Mellitus/Hypothyroidism,1
Hypertension/Type 2 Diabetes Mellitus/Cerebrovascular Accident,1
Hypertension/Type 2 Diabetes Mellitus/Coronary Artery Disease,1
Hypertension/Type 2 Diabetes Mellitus/Hypothyroidism/Obesity,1
Hypertension/seizure,1
Hypothyroidism/Chronic Kidney Disease,1
Hypothyroidism/Chronic Obstructive Pulmonary Disease/Valvular Heart Disease,1
Hypothyroidism/Diabetes Mellitus,1
Hypothyroidism/Lupus Nephritis/Systemic Hypertension,1
Hypothyroidism/Morbid Obesity,1
Hypothyroidism/Rheumatoid Arthritis,1
Hypothyroidism/Systemic Hypertension/Chronic Kidney Disease,1
Fever/breathlessness/myalgia,1
Fever/breathlessness/loose stools,1
Fever/breathlessness/headache/body Pain,1
Fever/Cough/shortness of Breath,1
Coronary Artery Disease/Leukemia,1
Fever/Cough/breathlessness/Vomiting/loose stools,1
Fever/Cough/breathlessness/headache/body Pain,1
Coronary Artery Disease/Left Ventricular Dysfunction,1
Coronary Artery Disease/Hypothyroidism/Chronic Kidney Disease,1
Coronary Artery Disease/Dilated Cardiomyopathy,1
Fever/Cough/headache/Breathing Difficulty/Chest Pain,1
Fever/Cough/headache/diarrhoea/breathlessness,1
Coronary Artery Disease/Diabetes Mellitus/Systemic Hypertension/Parkinsonism,1
Fever/Cough/loss of Appetite/Myalgia,1
Fever/Cough/myalgia ,1
Fever/Cough/myalgia/fatigue/breathlessness ,1
Fever/Cough/sore throat,1
Fever/Cough/breathing difficulty ,1
Fever/Cough/tiredness/Breathing Difficulty,1
Coronary Artery Disease/Chronic Kidney Disease/uncontrolled Hyperglycemia,1
Fever/Drowsiness,1
Fever/Dry Cough,1
Coronary Artery Disease/Chronic Kidney Disease/Diabetes Mellitus/Hypertension/Hypothyroidism,1
Fever/Dysponea/Cough,1
Fever/Dysponea/Fatigue,1
Coronary Artery Disease/Chronic Kidney Disease,1
Fever/Fatigue/Myalgia/Breathing Difficulty ,1
Fever/Giddiness,1
Fever/Headache/Fatigue,1
Fever/Headache/Loose stools,1
Coronary Artery Disease/Multiple Myeloma/Pericardial Effusion/Restrictive Cardiomyopathy/Sick Sinusyndrome,1
Coronary Artery Disease/Old Cerebrovascular Accident,1
Fever/Hiccups/Vomiting,1
Fever/Cough/Running Nose,1
Fever/Cough/Loss of appetite,1
Fever/Cough/Loss of taste,1
Fever/Cough/Loss of taste/Breathing Difficulty,1
Fever/Cough/Mild Dysponea,1
Cough/Altered Sensorium ,1
Coronary Artery disease/Type 2 Diabetes Mellitus/Systemic Hypertension,1
Fever/Cough/Myalgia/Breathing Difficulty ,1
Fever/Cough/Myalgia/Breathlessness.,1
Fever/Cough/Myalgia/dysgensia,1
Coronary Artery disease/Diabetes Mellitus,1
Fever/Cough/Nausea/tiredness,1
Fever/Cough/Poor oral intake/general tiredness/multiple oral ulcers,1
Coronary Artery disease/Chronic Kidney Disease/Systemic Hypertension,1
Fever/Cough/breathing Difficulty/sore throat,1
Coronary Artery disease/Acute Kidney Injury/Type 2 Diabetes Mellitus,1
Coronary Artery disease,1
Coronary Artery Disease/Valvular heart disease,1
Coronary Artery Disease/Traumatic Paraplegia,1
Fever/Cough/Sore throat/Myalgia/Anosmia/Dysgensia,1
Coronary Artery Disease/Severe aorotic Stenosis/Ventricular Dysfunction,1
Fever/Cough/Tiredness/Myalgia/Loss of appetite,1
Fever/Cough/Vomiting,1
Fever/Cough/Vomiting/Headache/Myalgia,1
Fever/Cough/Vomiting/Respiration distress,1
Coronary Artery Disease/Pulmonary Systemic Hypertension,1
Fever/Cough/body Pain/sore throat,1
Fever/Headache/Myalgia/Loss of appetite/Nausea,1
Coronary Artery Disease/Cerebrovascular Accident/Diabetes Mellitus/Systemic Hypertension,1
Fever/breathlessness/diarrhoea,1
Fever/Vomiting/Loose stools,1
Fever/Sore throat/Loss of Taste/Myalgia,1
Fever/Throat Pain,1
Fever/Throat Pain/Breathing Difficulty,1
Fever/Throat Pain/Cough,1
Fever/Throat Pain/Loss of smell/Cough,1
Cold,1
Chronic Obstructive Pulmonary disease,1
Fever/Tiredness/Cough,1
Fever/Tiredness/Loss of appetite/loss of Smell,1
Fever/Tiredness/Loss of taste/Cough/body Pain,1
Fever/Vomiting/Breathing Difficulty,1
Fever/Vomiting/Breathing Difficulty/Chest Pain/Loose stools,1
Fever/Vomiting/Loose stools/Breathing Difficulty,1
Fever/Sore throat ,1
Fever/Vomiting/Loss of appetite,1
Fever/Vomiting/Myalgia,1
Fever/Vomiting/drowsiness,1
Chronic Obstructive Pulmonary Disease/Systemic Hypertension,1
Chronic Obstructive Pulmonary Disease/Morbid Obesity,1
Fever/breathing difficulty,1
Chronic Obstructive Pulmonary Disease/Hypothyroidism,1
Chronic Obstructive Pulmonary Disease/Diabetes Mellitus,1
Chronic Obstructive Pulmonary Disease/Coronary Artery Disease/Diabetes Mellitus,1
Fever/breathlessness/Cough/Cold,1
Fever/breathlessness/Myalgia,1
Fever/breathlessness/altered sensorium ,1
Fever/Sore throat/Cough/Shortness of Breath,1
Fever/Sore Throat/Cough/Breathing Difficulty,1
Fever/Loose stools ,1
Congestive Cardiac Failure,1
Fever/Loose stools/Cough ,1
Fever/Loose stools/Loss of Taste,1
Fever/Loose stools/Myalgia,1
Fever/Loose stools/Vomiting,1
Fever/Loose stools/Vomiting/Breathing Difficulty ,1
Coronary Artery Disease/Cerebrovascular Accident,1
Fever/Loss of Appetite/Loose stools,1
Fever/Loss of appetite/Breathing Difficulty,1
Fever/Loss of appetite/Breathing Difficulty ,1
Fever/Maleria/Loss of taste,1
Coronary Artery Disease/Anemia/Bronchial Asthma,1
Coronary Artery Disease/Acute Coronary Syndrome/Type 2 Diabetes Mellitus,1
Fever/Myalgia/Breathing Difficulty ,1
Fever/Sore Throat/Cough,1
Cold/Cough,1
 Fever/Cough/Breathing Difficulty,1
Fever/Myalgia/Fatigue ,1
Fever/Myalgia/General Tiredness,1
Fever/Myalgia/Loss of smell,1
Fever/Myalgia/Sore Throat,1
Fever/Seizure,1
Fever/Severe Cough/Breathing Difficulty,1
Fever/Shortness of Breath,1
Fever/Shortness of Breath/Cough,1
Fever/Shortness of Breath/Loss of Appetite,1
Cold/Body Pain,1
urinary Bladder/Radiation Proctitis,1
